{"cameraMode":{"drawMode":0,"name":"Shaded","section":"Shading Mode"},"sceneLighting":false,"audioPlay":false,"sceneViewState":{"showFog":true,"showMaterialUpdate":false,"showSkybox":true,"showFlares":true,"showImageEffects":true,"showParticleSystems":true},"in2DMode":false,"pivot":{"x":0.04726734012365341,"y":0.711879312992096,"z":-0.5118972659111023},"rotation":{"x":-0.30085188150405886,"y":0.37816399335861208,"z":-0.13144060969352723,"w":-0.8655845522880554},"size":22.0,"orthographic":false}